{
  "current": {
    "customer_layout": "theme",
    "logo_slogan": "The biggest choice on the web",
    "base_font_custom_code": "",
    "base_font_custom_family": "",
    "regular_font_size": "14px",
    "font_color": "#8f847f",
    "heading_font_custom_code": "<link href='\/\/fonts.googleapis.com\/css?family=Fjalla+One' rel='stylesheet' type='text\/css'>",
    "heading_font_custom_family": "Fjalla One",
    "heading_font_size": "19px",
    "heading_font_color": "#2d1a17",
    "link_color": "#2d1a17",
    "link_color_act": "#738e5e",
    "product_name_font_size": "14px",
    "product_name_color": "#738e5e",
    "product_name_color_act": "#2d1a17",
    "product_desc_font_size": "14px",
    "product_desc_color": "#8f847f",
    "product_price_color": "#2d1a17",
    "homepage_products_count": "6",
    "collection_listing_count": "6",
    "body_bg_color": "",
    "border_color": "#d7ccbc",
    "color_1": "#ffffff",
    "color_2": "#f3efea",
    "color_3": "#e7e0d6",
    "color_4": "#847460",
    "color_5": "#779262",
    "color_6": "#2d1a17",
    "color_7": "#594e45",
    "color_8": "#d4e585",
    "color_9": "#f1f4ef",
    "gradient1_top": "#362d2b",
    "gradient1_bottom": "#2b2322",
    "supported_currencies": "USD EUR GBP",
    "default_currency": "USD",
    "slide1_link": "\/collections\/herb-blends",
    "slide2_link": "\/collections\/chili-powder",
    "slide3_link": "\/collections\/spices-herbs",
    "slide4_link": "",
    "slide5_link": "",
    "custom_header1_text1": "Free Shipping",
    "custom_header1_text2": "on orders over $ 99. This offer is valid on all our  store items.",
    "custom_header1_link": "\/blogs\/blog\/11543089-harum-at-sequi-impedit",
    "custom_header2_text1": "1(800) 234-5678",
    "custom_header2_text2": "Hours: 8am-4pm PST M-Fri",
    "custom_header2_link": "\/pages\/contacts",
    "custom_showcase1_text1": "The only",
    "custom_showcase1_text2": "place",
    "custom_showcase1_text3": "to go for spices",
    "custom_showcase1_text4": "Lorem ipsum dolor sit amet conse ctetur adipisicing elit, sed do eiusmod.",
    "custom_showcase1_text5": "Shop now!",
    "custom_showcase1_link": "\/collections\/all",
    "custom_footer1_title": "Main menu",
    "custom_footer2_title": "Catalog",
    "custom_footer3_title": "Follow us",
    "custom_footer3_twitter": "https:\/\/twitter.com\/templatemonster",
    "custom_footer3_facebook": "https:\/\/www.facebook.com\/TemplateMonster",
    "custom_footer3_youtube": "",
    "custom_footer3_instagram": "",
    "custom_footer3_pinterest": "",
    "custom_footer3_googleplus": "https:\/\/google.com\/+templatemonster",
    "custom_footer3_tumblr": "",
    "custom_footer4_title": "My account",
    "mailing_list_title": "Newsletter",
    "checkout_banner_background_color": "#fff",
    "checkout_accent_color": "#2a9dcc",
    "checkout_button_color": "#2a9dcc",
    "checkout_call_to_action_color": "#8fc243",
    "mailchimp_form_action": "",
    "mailing_list_tagline": "",
    "base_font_regular_family": "Georgia, serif",
    "heading_font_regular_family": "Arial, Helvetica, sans-serif",
    "main_nav": "main-menu",
    "bestsellers_cat": "herb-blends",
    "homepage_products": "spices-herbs",
    "homepage_listing_cols": "3",
    "collection_listing_cols": "3",
    "homepage_listing_image_size": "medium",
    "enable_breadcrumbs": "true",
    "currency_format": "money_format",
    "custom_footer1_list": "main-menu",
    "custom_footer2_list": "catalog",
    "custom_footer4_list": "my-account",
    "checkout_logo": "",
    "use_logo": false,
    "show_copyright": true,
    "enable_left_sidebar": false,
    "enable_right_sidebar": true,
    "show_multiple_currencies": true,
    "slider_toggle": true,
    "slide1_toggle": true,
    "slide2_toggle": true,
    "slide3_toggle": true,
    "slide4_toggle": false,
    "slide5_toggle": false,
    "custom_showcase1_img_toggle": true,
    "show_amex": true,
    "show_discover": true,
    "show_visa": true,
    "show_mastercard": true,
    "show_maestro": true,
    "show_cirrus": true,
    "show_paypal": true,
    "show_google": true,
    "checkout_use_header_image": false,
    "base_font_type": "font_regular",
    "heading_font_type": "font_custom",
    "body_bg_type": "bg_image",
    "color_10": "",
    "gradient2_top": "",
    "gradient2_bottom": "",
    "gradient3_top": "",
    "gradient3_bottom": "",
    "custom_showcase2_text1": "",
    "custom_showcase2_text2": "",
    "custom_showcase2_link": "",
    "custom_showcase3_text1": "",
    "custom_showcase3_text2": "",
    "custom_showcase3_link": "",
    "custom_showcase4_text1": "",
    "custom_showcase4_text2": "",
    "custom_showcase4_link": "",
    "custom_showcase2_img_toggle": "false",
    "custom_showcase3_img_toggle": "false",
    "custom_showcase4_img_toggle": "false",
    "slide1_caption1": "",
    "slide1_caption2": "Caption line 2",
    "slide1_caption3": "",
    "slide1_caption4": "",
    "slide1_caption5": "",
    "slide2_caption1": "Caption line 1",
    "slide2_caption2": "",
    "slide2_caption3": "",
    "slide2_caption4": "",
    "slide2_caption5": "",
    "slide3_caption1": "",
    "slide3_caption2": "",
    "slide3_caption3": "",
    "slide3_caption4": "",
    "slide3_caption5": "",
    "slide4_caption1": "",
    "slide4_caption2": "",
    "slide4_caption3": "",
    "slide4_caption4": "",
    "slide4_caption5": "",
    "slide5_caption1": "",
    "slide5_caption2": "",
    "slide5_caption3": "",
    "slide5_caption4": "",
    "slide5_caption5": "",
    "slider_captions_toggle": "true",
    "custom_header1_img_toggle": "false",
    "custom_footer2_text1": "",
    "custom_footer2_text2": "",
    "custom_footer2_link": "",
    "custom_footer4_company": "",
    "custom_footer4_address": "",
    "custom_footer4_phone": "",
    "custom_footer4_email": "",
    "heading_custom_font_family": "",
    "heading_custom_font_code": "",
    "heading_ffamily_use_custom": "false",
    "heading_font_family": "Arial, Helvetica, sans-serif",
    "regular_font_family": "Arial, Helvetica, sans-serif",
    "custom_header1_toggle": "false",
    "slide1_caption_toggle": "true",
    "slide2_caption_toggle": "true",
    "slide3_caption_toggle": "false",
    "slide4_caption_toggle": "false",
    "slide5_caption_toggle": "false",
    "slider_controlnav_toggle": "true",
    "slider_directnav_toggle": "true",
    "bottom_block_1_list": "main-menu",
    "bottom_block_2_list": "footer",
    "bottom_block_3_list": "footer",
    "regular_line_height": "21px",
    "h1_fsize": "",
    "h1_lheight": "",
    "h2_fsize": "",
    "h2_lheight": "",
    "h3_fsize": "",
    "h3_lheight": "",
    "h4_fsize": "",
    "h4_lheight": "",
    "h5_fsize": "",
    "h5_lheight": "",
    "h6_fsize": "",
    "h6_lheight": "",
    "footer_height": "100px",
    "content_width": "8",
    "left_sidebar_width": "2",
    "right_sidebar_width": "2",
    "collection_listing_image_size": "compact",
    "specials_cat": "seasonings"
  },
  "presets": {
  }
}